id,first_name,last_name,email,gender,age,birthday_month
1,Taite,Flaunders,tflaunders0@psu.edu,M,9,2
2,Cordey,Tofts,ctofts1@artisteer.com,Female,4,9
3,Dacia,Dalgarno,ddalgarno2@samsung.com,F,,2
4,Kendricks,Forward,kforward3@parallels.com,Male,3,10
5,Cass,Rosiello,crosiello4@ucoz.com,Male,43,8
6,Lebbie,Rathjen,lrathjen5@alexa.com,Female,35,4
7,Mayor,Monni,,Male,57,10
8,Fonz,MacKay,,Male,1,5
9,Oralia,Tull,otull8@google.co.uk,Female,6,11
10,Pauline,Tuckett,ptuckett9@google.es,Female,14,
11,Christoper,Toffalo,ctoffaloa@vistaprint.com,Male,52,
12,Tory,Beaument,tbeaumentb@imgur.com,F,57,
13,Blaine,Faithfull,bfaithfullc@histats.com,male,72,22
14,Kimble,Lammerich,klammerichd@army.mil,Male,,6
15,Leodora,Rolfini,,female,27,1
16,Dorthea,Harding,dhardingf@cpanel.net,F,83,2
17,Loleta,Bostick,lbostickg@nba.com,female,33,3
18,Ashley,Glanert,aglanerth@webmd.com,Female,82,6
19,Merrel,Matura,,male,85,9
20,Selena,Edkins,sedkinsj@cbc.ca,Female,146,10
21,Fayina,Horsburgh,fhorsburghk@taobao.com,Female,70,7
22,Prisca,Matthias,pmatthiasl@marriott.com,Female,,
23,Jason,Lethardy,,M,20,3
24,Augustina,Cloy,,Female,,12
25,Currey,Towe,,Male,64,5
26,Bibi,Humblestone,bhumblestonep@youku.com,Female,,3
27,Dion,Buard,dbuardq@sfgate.com,Female,25,3
28,Hamish,Bond,,Male,5,9
29,Sigvard,Traylen,straylens@harvard.edu,Male,6,
30,Amabel,Pharoah,apharoaht@businesswire.com,Female,,12
31,Yvor,Fackrell,yfackrellu@theatlantic.com,Male,,5
32,Evania,Doel,edoelv@ocn.ne.jp,Female,47,5
33,Donn,Mimmack,dmimmackw@hao123.com,Male,80,8
34,Jerrylee,Wakefield,,Female,30,11
35,Johannah,Corston,jcorstony@liveinternet.ru,Female,3,
36,Jonathan,Svanini,jsvaniniz@slashdot.org,Male,70,
37,Olivia,Stithe,ostithe10@list-manage.com,Female,,8
38,Gaven,Worsfield,gworsfield11@ameblo.jp,Male,56,
39,Carlen,Tittershill,ctittershill12@umn.edu,Female,56,9
40,Catha,Desson,cdesson13@devhub.com,Female,20,4
41,Lindon,Ferrar,lferrar14@msn.com,Male,50,2
42,Kerr,Killimister,,Male,84,2
43,Mariam,Norridge,mnorridge16@ocn.ne.jp,Female,51,6
44,Nicoli,Pitway,npitway17@examiner.com,Female,17,3
45,Pedro,Warden,pwarden18@blogtalkradio.com,Male,,7
46,Maggy,Reidie,,Female,29,5
47,Filbert,Vasenin,fvasenin1a@cdc.gov,Male,,
48,Dix,Peschka,dpeschka1b@wunderground.com,Female,25,11
49,Shannan,Goodger,sgoodger1c@google.ru,Male,,4
50,Say,Plank,splank1d@salon.com,Male,8,9
51,Alvis,Ingley,,Male,25,2
52,Andrea,Mears,amears1f@apache.org,Male,68,9
53,Phyllys,Atyea,patyea1g@wp.com,Female,8,
54,Franzen,Aikin,faikin1h@auda.org.au,Male,78,10
55,Garth,Battany,,Male,27,
56,Ashley,Careless,acareless1j@dmoz.org,Male,56,7
57,Frederik,Skones,fskones1k@skype.com,Male,63,5
58,Gaultiero,McWhan,gmcwhan1l@soup.io,Male,9,12
59,Bonny,Petricek,,Female,71,6
60,Normie,Budnk,,male,3,
61,Owen,Myton,omyton1o@4shared.com,Male,67,10
62,Janek,Blackman,,male,7,1
63,Zolly,Buckthorpe,zbuckthorpe1q@jalbum.net,Male,59,6
64,Colver,Mayell,cmayell1r@t.co,Male,85,5
65,Sallyanne,Guiton,sguiton1s@techcrunch.com,Female,50,
66,Ceil,Coonan,,female,16,7
67,Corabel,Scandred,,Female,25,3
68,Babette,Valiant,bvaliant1v@zdnet.com,Female,7,
69,Ravi,Sebley,rsebley1w@google.ru,Male,15,
70,Ruthann,Hupe,rhupe1x@blogger.com,Female,66,1
71,Juline,Ashbe,,Female,52,12
72,Sallyann,Sorby,ssorby1z@stanford.edu,Female,8,7
73,Dixie,Heersema,dheersema20@mail.ru,Female,12,2
74,Clementius,Bayles,cbayles21@sakura.ne.jp,Male,33,5
75,Petronia,Mayo,pmayo22@amazonaws.com,Female,36,6
76,Ardra,Sivil,asivil23@nasa.gov,Female,40,9
77,Jarib,Di Giacomo,jdigiacomo24@cdbaby.com,Male,6,5
78,Emmye,Clowley,eclowley25@furl.net,Female,30,
79,Isabel,McMenamin,imcmenamin26@shop-pro.jp,Female,8,2
80,Benyamin,Andrusov,bandrusov27@parallels.com,Male,44,8
81,Clemens,Tarzey,ctarzey28@instagram.com,Male,17,1
82,Arlyn,Volant,avolant29@fc2.com,Female,,9
83,Dell,Epelett,depelett2a@google.com.br,Male,58,2
84,Otha,Foat,ofoat2b@t.co,Female,60,11
85,Hollis,Urch,hurch2c@tinypic.com,Male,60,9
86,Callean,Calleja,ccalleja2d@qq.com,Male,48,3
87,Essa,Hanbidge,,Female,63,3
88,Marney,Cosby,mcosby2f@businesswire.com,Female,54,
89,Ulrick,Maleck,umaleck2g@nyu.edu,Male,66,11
90,Thomas,Durn,tdurn2h@naver.com,male,21,8
91,Cleve,Brear,cbrear2i@netscape.com,Male,29,5
92,Pippa,Muttock,pmuttock2j@cornell.edu,Female,13,11
93,Mel,Carlill,,Male,29,
94,Davis,Parlor,dparlor2l@ehow.com,Male,51,7
95,Neale,Briand,nbriand2m@nhs.uk,Male,20,
96,Gerrie,Cottis,,Female,64,5
97,Cori,Jehan,cjehan2o@blogs.com,Male,17,2
98,Christine,Boyd,cboyd2p@live.com,Female,38,
99,Jyoti,McEachern,jmceachern2q@cargocollective.com,Female,82,2
100,Gaby,Teodori,,Male,73,3
101,Yulma,O'Mannion,yomannion2s@gnu.org,Male,32,3
102,Adrian,Landells,alandells2t@google.ca,female,75,5
103,Katleen,Talby,ktalby2u@privacy.gov.au,Female,21,5
104,Viki,Arundale,varundale2v@live.com,Female,2,2
105,Barbara-anne,Tenby,btenby2w@go.com,Female,1,7
106,Prescott,Haddrell,phaddrell2x@shutterfly.com,Male,41,
107,Peggi,Jaszczak,pjaszczak2y@ow.ly,Female,83,9
108,Eddie,Pantin,epantin2z@go.com,Male,9,11
109,Cyndi,Wisdom,cwisdom30@feedburner.com,Female,12,10
110,Boycey,Philipsohn,bphilipsohn31@lycos.com,Male,10,12
111,Chrotoem,Oldershaw,coldershaw32@mapy.cz,Male,57,8
112,Gamaliel,Ioselev,gioselev33@un.org,Male,44,5
113,Ranice,Maddocks,rmaddocks34@t.co,Female,11,1
114,Dion,MacManus,dmacmanus35@a8.net,Male,81,
115,Gloriane,Poundford,gpoundford36@indiatimes.com,Female,4,11
116,Job,Masey,jmasey37@imdb.com,Male,8,11
117,Iseabal,Wrates,iwrates38@techcrunch.com,female,17,7
118,Herby,O'Leary,holeary39@globo.com,Male,49,7
119,Maximilian,Nichols,mnichols3a@theguardian.com,Male,44,4
120,Hashim,Giannassi,hgiannassi3b@alexa.com,Male,,1
121,Orren,Gerber,ogerber3c@ning.com,Male,33,12
122,Jonie,Rathe,jrathe3d@cloudflare.com,Female,22,7
123,Kerwinn,Bolt,kbolt3e@chronoengine.com,Male,30,10
124,Elias,Louis,elouis3f@zdnet.com,Male,44,10
125,Winifield,Clampin,wclampin3g@cbc.ca,Male,53,11
126,Bettine,Harbison,bharbison3h@nymag.com,Female,7,5
127,Vannie,Lambersen,,Female,47,6
128,Tedi,Kob,tkob3j@netscape.com,Female,6,10
129,Alane,Ourry,aourry3k@scientificamerican.com,Female,41,5
130,Francene,Book,fbook3l@umich.edu,Female,66,3
131,Germayne,MacAnulty,gmacanulty3m@mtv.com,Male,21,
132,Alick,Streeten,astreeten3n@studiopress.com,Male,16,2
133,Riordan,Lockie,rlockie3o@biglobe.ne.jp,Male,1,2
134,Maximilien,Crockley,mcrockley3p@epa.gov,Male,,1
135,Raymund,Blackbourn,rblackbourn3q@github.io,Male,57,
136,Lishe,Bareham,lbareham3r@yale.edu,Female,,12
137,Ganny,Lashmore,glashmore3s@csmonitor.com,Male,31,
138,Heywood,McKerrow,hmckerrow3t@nationalgeographic.com,Male,38,2
139,Ola,Lamy,,Female,15,6
140,Martino,Doolan,mdoolan3v@hatena.ne.jp,Male,,
141,Marten,Mouncher,mmouncher3w@ovh.net,Male,65,8
142,Dalli,Rossiter,drossiter3x@npr.org,male,2,11
143,Maurie,Carlozzi,mcarlozzi3y@miibeian.gov.cn,Male,77,5
144,Karlene,Face,kface3z@princeton.edu,Female,21,4
145,Shelly,Thonason,sthonason40@hugedomains.com,Female,56,9
146,Fredrick,Roll,froll41@guardian.co.uk,Male,63,7
147,Roze,Meany,rmeany42@merriam-webster.com,Female,5,
148,Pepi,MacArd,pmacard43@booking.com,Female,52,8
149,Jon,Baskeyfield,jbaskeyfield44@youku.com,Male,13,9
150,Sadella,Scotting,sscotting45@tripadvisor.com,Female,45,7
151,Eleen,Ertelt,eertelt46@woothemes.com,Female,38,11
152,Myrtia,Donoher,mdonoher47@ihg.com,Female,8,2
153,Noland,Cocozza,ncocozza48@networkadvertising.org,Male,3,6
154,Clementina,Haywood,chaywood49@examiner.com,Female,,2
155,Zena,Wilcox,zwilcox4a@theglobeandmail.com,Female,14,
156,Geri,Gaynes,ggaynes4b@redcross.org,Female,81,5
157,Janice,Pinor,jpinor4c@photobucket.com,Female,33,1
158,Gae,Parmer,gparmer4d@omniture.com,Female,43,5
159,Major,Feaveryear,mfeaveryear4e@army.mil,Male,,4
160,Aliza,Rapsey,arapsey4f@1und1.de,Female,9,1
161,Hendrick,Ksandra,hksandra4g@illinois.edu,Male,,6
162,Hillie,Denisyuk,hdenisyuk4h@admin.ch,Male,49,11
163,Thedric,Mingardi,,Male,52,6
164,Neddy,Griston,ngriston4j@gov.uk,Male,65,1
165,Isabella,Seamons,iseamons4k@privacy.gov.au,Female,61,
166,Killie,Giacomuzzo,kgiacomuzzo4l@arstechnica.com,Male,8,2
167,Archibaldo,Dubbin,adubbin4m@theglobeandmail.com,Male,1,3
168,Carmen,Finicj,cfinicj4n@sogou.com,Female,56,9
169,Ania,Bishopp,abishopp4o@yelp.com,F ,44,
170,Mia,Fasham,,Female,,12
171,Karlan,Klimsch,kklimsch4q@posterous.com,Male,11,2
172,Johnathon,Lazenby,jlazenby4r@businessweek.com,male,61,7
173,Stace,Rowlett,srowlett4s@zdnet.com,Female,72,2
174,Eric,Cullotey,ecullotey4t@github.io,Male,,
175,Baudoin,Law,blaw4u@cnbc.com,Male,50,11
176,Urson,Cowherd,ucowherd4v@nih.gov,Male,73,7
177,Joellyn,Daen,jdaen4w@army.mil,Female,66,10
178,Harlin,Annakin,,Male,49,
179,Niccolo,Riggeard,nriggeard4y@ca.gov,Male,50,2
180,Phyllys,Nolte,,Female,84,7
181,Lindon,Lerigo,llerigo50@imdb.com,Male,43,12
182,Rheta,Oldaker,roldaker51@gravatar.com,female,,3
183,Guntar,Ionnisian,,Male,54,
184,Mordy,Clement,mclement53@noaa.gov,Male,40,
185,Alva,Berney,aberney54@thetimes.co.uk,Male,17,10
186,Talbot,Keller,tkeller55@biblegateway.com,Male,78,1
187,Alexander,Galia,,Male,31,5
188,Jonathan,Ager,jager57@discuz.net,Male,,
189,Gifford,Comizzoli,gcomizzoli58@netscape.com,Male,15,1
190,Derk,Gatland,dgatland59@pbs.org,Male,75,11
191,Isidore,Cobleigh,icobleigh5a@flavors.me,Male,29,
192,Kathleen,Grimme,kgrimme5b@spotify.com,Female,15,
193,Tyson,Merigot,tmerigot5c@nsw.gov.au,Male,66,12
194,Shel,Broadhead,sbroadhead5d@nsw.gov.au,Female,75,12
195,Marina,Roskrug,mroskrug5e@google.ca,Female,41,9
196,Zsa zsa,Emeney,zemeney5f@bbc.co.uk,Female,-66,7
197,Rhonda,Cliss,,female,,5
198,Venus,Smorthit,vsmorthit5h@photobucket.com,Female,56,3
199,Babbette,Gingle,bgingle5i@sakura.ne.jp,Female,62,
200,Bancroft,Huburn,bhuburn5j@desdev.cn,Male,,
201,Clemens,De Nisco,cdenisco5k@zdnet.com,Male,12,7
202,Buddy,Sherbrook,,Male,57,3
203,Paten,Weedon,pweedon5m@qq.com,Male,,12
204,Clayson,Trytsman,ctrytsman5n@chronoengine.com,Male,,9
205,Boigie,Haighton,bhaighton5o@msn.com,Male,,9
206,Burr,Buggy,bbuggy5p@nyu.edu,Male,3,6
207,Glennis,Kinsell,gkinsell5q@tamu.edu,Female,2,10
208,Cos,Cheney,ccheney5r@tripadvisor.com,Male,14,
209,Nonna,Nisius,nnisius5s@bbc.co.uk,F,48,11
210,Salvidor,Etty,setty5t@creativecommons.org,Male,30,2
211,Luci,Cowey,lcowey5u@blogger.com,Female,,11
212,Wainwright,Uebel,wuebel5v@digg.com,Male,16,7
213,Myrilla,Atthowe,matthowe5w@goodreads.com,Female,56,
214,Dredi,Beers,,Female,60,11
215,Suzann,Jerrome,,Female,48,5
216,Cortney,McNellis,cmcnellis5z@amazon.co.uk,female,20,7
217,Joscelin,Rayne,jrayne60@behance.net,Female,19,12
218,Orran,Dumblton,odumblton61@wufoo.com,Male,,2
219,Curr,Christiensen,cchristiensen62@acquirethisname.com,Male,40,7
220,Fleurette,Rodders,frodders63@economist.com,Female,44,7
221,Erhart,Elliss,eelliss64@spiegel.de,Male,28,12
222,Paquito,Savill,,Male,47,6
223,Dorian,Neeves,dneeves66@vistaprint.com,Male,15,12
224,Ethel,Tatlowe,etatlowe67@google.de,Female,66,8
225,Deeann,But,dbut68@i2i.jp,Female,70,5
226,Derrek,Osant,dosant69@twitpic.com,Male,120,
227,Karilynn,Margeram,kmargeram6a@ca.gov,Female,,3
228,Shanta,Moye,smoye6b@twitter.com,Female,50,
229,Lemmy,McIlhatton,lmcilhatton6c@storify.com,Male,57,
230,Justis,Petroselli,jpetroselli6d@google.ca,Male,56,9
231,Berky,Woolliams,bwoolliams6e@theglobeandmail.com,Male,,
232,Leia,Peterkin,lpeterkin6f@cornell.edu,Female,,
233,Turner,Llewellyn,,Male,27,8
234,Desdemona,Cowderoy,,F,57,3
235,Bobbe,Melville,bmelville6i@time.com,Female,35,12
236,Rory,Lumb,rlumb6j@de.vu,Male,46,2
237,Tanney,Powney,,Male,46,10
238,Howard,Juden,,Male,79,3
239,Odey,Redbourn,oredbourn6m@fda.gov,Male,33,8
240,Dillon,Elger,delger6n@epa.gov,Male,50,
241,Issie,Pentlow,ipentlow6o@utexas.edu,Female,50,5
242,Viviyan,Conville,vconville6p@netvibes.com,Female,80,7
243,Edythe,Spur,espur6q@japanpost.jp,Female,27,3
244,Bendicty,Hagergham,,Male,60,6
245,Alexina,Sprason,asprason6s@yahoo.co.jp,Female,81,
246,Selia,Durban,sdurban6t@usgs.gov,F ,7,6
247,Benedick,Mc Elory,bmcelory6u@simplemachines.org,Male,18,4
248,Dalton,Baptiste,dbaptiste6v@cnet.com,Male,82,5
249,Orly,Pele,opele6w@buzzfeed.com,Female,51,1
250,Devina,McWilliam,dmcwilliam6x@cbsnews.com,F ,57,1
251,Chucho,Lievesley,clievesley6y@purevolume.com,Male,44,
252,Yorgos,Millmoe,,Male,26,8
253,Marylynne,Oleksinski,moleksinski70@oaic.gov.au,Female,78,6
254,Ware,Leven,wleven71@webnode.com,Male,73,
255,Marie-jeanne,Cowoppe,mcowoppe72@bizjournals.com,Female,44,8
256,Cass,Gummoe,cgummoe73@craigslist.org,Male,12,8
257,Jermaine,Cairney,jcairney74@opera.com,Female,79,6
258,Bonita,Franc,bfranc75@google.pl,Female,43,6
259,Buiron,Cardozo,bcardozo76@senate.gov,Male,3,7
260,Neddy,Madden,nmadden77@biglobe.ne.jp,Male,62,5
261,Celisse,Randall,crandall78@admin.ch,Female,36,3
262,Taylor,Cancellieri,,Male,62,
263,Sergio,Rachuig,srachuig7a@wufoo.com,Male,68,11
264,Lauritz,Lenthall,llenthall7b@tuttocitta.it,Male,27,4
265,Sigismund,Mack,smack7c@artisteer.com,Male,70,4
266,Alicia,Averall,aaverall7d@addthis.com,Female,4,1
267,Kiley,O'Moylan,komoylan7e@senate.gov,Male,85,5
268,Evie,Dudny,edudny7f@mashable.com,Female,5,11
269,Nathalie,Cory,ncory7g@ning.com,Female,3,2
270,Kelvin,Dyne,kdyne7h@nymag.com,Male,30,7
271,Fletch,Dransfield,fdransfield7i@wired.com,Male,17,
272,Romy,Loyley,rloyley7j@bing.com,Female,,2
273,Aeriel,Lorek,alorek7k@berkeley.edu,Female,56,1
274,Eachelle,Nudde,enudde7l@ihg.com,M,19,6
275,Essie,Lackeye,elackeye7m@dell.com,Female,51,
276,Katinka,Winfield,kwinfield7n@dagondesign.com,Female,73,4
277,Gusta,Baggett,gbaggett7o@oracle.com,Female,43,1
278,Rock,Sculley,rsculley7p@baidu.com,Male,102,
279,Margalo,Goodyear,,Female,75,5
280,Artemis,McQuarter,,Male,52,5
281,Miran,Bellenie,mbellenie7s@cisco.com,Female,29,6
282,Nil,Boxill,nboxill7t@oakley.com,Male,6,6
283,Corbett,Biaggetti,cbiaggetti7u@github.io,Male,44,2
284,Cart,Pinchin,,m,78,11
285,Gabriel,Haugen,ghaugen7w@nymag.com,Male,,7
286,Dorothea,Di Biagio,ddibiagio7x@guardian.co.uk,Female,25,
287,Urbanus,MacAfee,umacafee7y@aboutads.info,Male,50,7
288,Maible,Perritt,,Female,29,7
289,Humfrid,Shinn,hshinn80@nih.gov,Male,83,12
290,Rosanna,Licciardi,rlicciardi81@guardian.co.uk,Female,15,4
291,Marysa,Cavnor,mcavnor82@tmall.com,Female,65,4
292,Jonathan,Sibbson,,Male,65,2
293,Dodi,Sibthorpe,dsibthorpe84@indiatimes.com,Female,42,3
294,Valentina,Rottenbury,vrottenbury85@shutterfly.com,Female,22,5
295,Emily,MacPike,emacpike86@discuz.net,Female,53,6
296,Gawen,Hindge,ghindge87@epa.gov,Male,54,2
297,Isidro,Speariett,ispeariett88@forbes.com,Male,43,6
298,Geralda,Rugieri,grugieri89@aboutads.info,Female,7,
299,Hank,Snoden,hsnoden8a@miitbeian.gov.cn,m,,9
300,Teddy,Jallin,tjallin8b@buzzfeed.com,f,,6
